name,email,gender,status
The Hon. Vinay Guneta,hon_the_guneta_vinay@ullrich.io,masculino,inactivo
Atmaja Chopra,atmaja_chopra@quigley.org,masculino,activo
Suryakant Acharya,suryakant_acharya@miller.net,femenino,inactivo
Balamani Somayaji,somayaji_balamani@kuvalis.net,masculino,inactivo
Mr. Digambar Jha,digambar_jha_mr@kiehn.name,femenino,activo
Ajit Mukhopadhyay,ajit_mukhopadhyay@funk-abbott.biz,femenino,inactivo
Vaishno Adiga,vaishno_adiga@oconner.net,masculino,inactivo
Menka Nehru,nehru_menka@thiel-lakin.co,femenino,activo
Ekaparnika Bhat,bhat_ekaparnika@ritchie.io,masculino,inactivo
Shridevi Tandon,tandon_shridevi@nikolaus.info,masculino,inactivo
Ashok Desai,ashok_desai@emmerich.info,masculino,inactivo
Anala Kaniyar,kaniyar_anala@vandervort-ruecker.biz,masculino,inactivo
Chidambar Dwivedi,chidambar_dwivedi@mcdermott.co,femenino,activo
Chidaatma Pilla,chidaatma_pilla@ziemann.name,masculino,activo
Esha Kocchar LLD,esha_kocchar_lld@macejkovic.net,femenino,inactivo
Anamika Deshpande,deshpande_anamika@feil.org,femenino,inactivo
Devagya Khanna,devagya_khanna@medhurst.info,femenino,inactivo
Agnivesh Agarwal,agnivesh_agarwal@hirthe-harris.info,masculino,activo
Rukmin Bharadwaj,rukmin_bharadwaj@ratke-lehner.com,femenino,activo
Sen. Chandan Varrier,sen_varrier_chandan@little.biz,femenino,activo
